Food_ID,Name,C_Type,Veg_Non,Describe
1,shack burger,Healthy Food,veg,"white balsamic vinegar, lemon juice, lemon rind, red chillies, garlic cloves (crushed), olive oil, summer squash (zucchini), sea salt, black pepper, basil leaves"
2,shroom burger,Healthy Food,non-veg,"olive oil, chicken mince, garlic (minced), onion, salt, black pepper, carrot, cabbage, green onions, sweet chilli sauce, peanut butter, ginger, soy sauce, fresh cilantro, red pepper flakes (crushed), tarts"
3,smoke buger,Snack,veg,"almonds whole, egg white, curry leaves, salt, sugar (fine grain), red chilli powder"
4,stack shack burger,Healthy Food,veg,"vinegar, honey/sugar, soy sauce, salt, garlic cloves (minced), chilli pepper (sliced), green papaya, carrot (peeled), cucumbers, mint leaves, toasted peanuts"
5,cheese burger,Dessert,veg,"christmas dry fruits (pre-soaked), orange zest, lemon zest, jaggery syrup, almond flour, apple, butter (softened), eggs"
6,shack attack,Japanese,veg,"japanese curry, sticky rice, cheese inside rice, barley salsa, wasabi mayo, red capsicum cube (cut), yellow capsicum cube (cut), green capsicum cube (cut), green chili, barley, butter, white pepper, light soya, salt"
7,hamburger,Dessert,veg,"almonds, eggs, granulated sugar, bittersweet chocolate, unsalted butter, flour, baking powder, castor sugar, icing sugar"
8,chick n chack burger,Healthy Food,non-veg,"lamb bones (preferably shank and shoulder), onions, celery, ginger, garlic, carrot, chargrilled red/yellow/green bell peppers (quartered), whole spices mix (black pepper, cinnamon, cardamom, clove, bay leaf), salt, water (warm), oil (sunflower or olive"
9,Smokin' cheese burger,Healthy Food,veg,"vegetable stock, skimmed milk, toasted almonds (powdered), butter, flour, salt and pepper, nutmeg, almond essence, toasted almond flakes"
10,mighty n' cheesy burger,Healthy Food,veg,"vegetable stock, broccoli, ground almonds (toasted), skimmed milk, salt, freshly ground black pepper"
11,cheesy stuff,Healthy Food,veg,"uncooked quinoa, water, red onion, cucumber (diced), purple cabbage, avocado (ripened and diced), orange, shelled edamame (defrosted), unsweetened toasted coconut flakes, almonds, few shakes of black pepper, for the dressing:, orange juice, lime (juiced), apple cider vinegar, olive oil"
12,cream n' cheese buns,Snack,non-veg,"young corn on the cob, honey, lemon juice, garlic cloves (smashed), celery stalk, chives, carrot, salt, paprika powder, parsley, plastic bag, food thermometer"
13,cheesey,Healthy Food,veg,"fresh strawberries, honey, low fat yogurt, watermelon, chia seeds"
14,cheese hotdog,Healthy Food,veg,"fresh raspberries, ripe banana, almond, fresh peach slices, low fat yogurt, fresh raspberry, peach fruit slices, almonds"
15,ny style hotdog,Indian,veg,"almond flakes, onion, poha, cranberries (frozen/ dried), salt, oil, curry leaves, green chilies, fresh coconut"
16,shack-cago hd hotdog,Indian,veg,"almond slivers, raw banana (boiled), almond paste, cooking cream, refined oil, mace powder, cardamom powder , ginger garlic paste, garam masala powder, red chilli powder, salt, tempura batter"
17,coney island hotdog,Snack,veg,"almonds (crushed), tomato, garlic cloves, basil sprig, lemon, salt, pepper, for namak para:, refined flour, sugar, salt, olive oil, water"
18,bowwow hotdog,Dessert,veg,"khoya, sweetener (optional), almonds (crushed)"
19,footlong hotdog,Snack,veg,"whole wheat flour (atta), refined flour (maida), garlic cloves (crushed), salt, red chilli powder, chaat masala, cumin powder, tomato puree, ghee"
20,frank hotdog ,Snack,veg,"oats, ragi flour (bhakri atta), wheat flour, rice flour, urad dal flour (dry roast and grind the dal to a fine powder), cumin seeds, green chillies, ginger, salt, oil"
21,link hotdog,Dessert,veg,"apples, milk, sugar, green cardamoms, almonds (blanched), pistachios (blanched)"
22,weenie hotdog,Snack,veg,"whole wheat flour (atta), refined flour (maida), baking powder, ghee, salt, carom seeds (ajwain)"
23,normal fries,Dessert,veg,"dates (pitted), mixed nuts (almonds, cashews, walnuts, pistachios, peanuts), dessicated coconut (optional)"
24,cheese fries,Dessert,veg,"whole moong beans, cow ghee, raisins, whole milk, jaggery (organic), ground cardamom, almonds (halved)"
25,bacon & cheese fries,Dessert,veg,"cashew paste, ghee, khaand (a sweetening agent and a healthier substitute of sugar), flax or chia seeds, plain yogurt, baking soda, baking powder, vanilla, oats, organic all-purpose flour"
26,crinkle-cut fries,Snack,veg,"toasted almonds, blueberries, oats, corn flakes, olive oil, salt, curry leaves, mustard seeds, cumin seeds, red chilli powder, turmeric powder, black pepper powder, ajwain, lemon juice"
27,curly fries,Healthy Food,veg,"papaya, fresh lime (juiced), watermelon balls or small squares (seedless), fresh pineapple chunks, coconut (unsweetened), vanilla flavoured yogurt (low fat)"
28,home fries,Healthy Food,veg,"raw papaya, carrot, french bean diamond, cherry tomato, garlic, crush mix chilli, somtam dressing, peanuts (crushed), peanuts"
29,shoestring fries,French,veg,"milk (whole fat or skimmed), flour, water, butter, honey, salt, vegetable oil, extra butter (for crisping the crepe), spinach, feta cheese (crumbled), greek yogurt (whisked), honey"
30,steak fries,French,veg,"for the cous cous:, plain couscous, extra virgin olive oil, vegetable stock, herbs (basil, parsley, thyme, cilantro work best), for the ratatouille:, olive oil (regular not extra virgin), red onions, aubergines (cut in to 3 cm cubes), zucchini (cut in to 3 cm cubes), garlic cloves, ground cumin, sweet paprika, tomato paste, salt"
31,sweet potato fries,Snack,veg,"potato (boiled), nutmeg, milk, almonds (crushed), green onions, refined flour, egg, salt, pepper, eggs, refined flour (for rolling), dried breadcrumbs (for rolling)"
32,tater tots fries,Dessert,veg,"popped amaranth seeds, jaggery, almonds (slivered, unpeeled)"
33,tornado fries,Indian,veg,"green gram (dhuli moong dal), kiwis, coconut cream, oil, bay leaves, cumin seeds, coriander seeds, black peppercorns, garlic cloves, medium onion, carrot, turmeric powder, curry powder, salt, fresh coriander sprigs"
34,ice tea drinks,Healthy Food,veg,"Frozen mixed berries, ripped banana,fresh orange juice, low fat curd"
35,float water drinks,Healthy Food,veg,"Low Fat Yogurt, Banana, Walnuts, Seeds (Facseeds and Chia Seeds), Honey"
36,fifty-fifty water drinks,Healthy Food,veg,"Watermelon, ginger-garlic paste, peppermint, chili flakes, olive oil (to cook)"
37,shack lemonade drinks,Indian,veg,"Onion, Pepper, Button Mushroom, Wild Mushroom, White Wine, Tomato, Sage Leaf, Red Poha, Truffle Oil, Rosemary"
38,fruit juice cold drinks,Healthy Food,veg,"Iceberg Lattoos, Lolo Rosso, Endive Lettuce, Red Cabbage, Lotus Root, Kaddu, Yam Beans, Small Onions, Pomegranate, Chalet Oil, Pomelo, Lemongrass Sauce"
39,sparkling cold water,Healthy Food,veg,"Sweet Potato Cubes, Coconut, Onion, Knoia (Ripe), Raisins, Cashew, Pepper Powder, Caen, Cassia, Salt"
40,"cold coffee, cold tea",Healthy Food,veg,"Corn kernels, onions, green onions, paprika, raw mango (pieces), celery stock (pieces), cherry tomatoes, pineapple (pieces), pasarley, green coriander, badge leaves, black olive, lemon juice, olive Oil, black salt, white pepper powder, taco shell"
41,cold soymilk,Indian,veg,"Quick cooking oats, peanuts, cumin, turmeric powder, red chilli powder, onion, tomatoes, carrots, green peas, ginger, green chillies, salt, extra virgin olive oil, water, coriander leaves"
42,cold almond milk,Japanese,veg,"seedless dates, almonds, cashew nuts, walnuts, raisins, dry coconut, poppy seeds, ghee"
43,cold milk from cows,Japanese,veg,"gram flour (besan), semolina (rava/sooji), beetroot colour or two oven cooked beetroot paste , water, oil (for frying), for sugar syrup:, sugar, water, cardamom powder, lemon juice, cashews (kaju)"
44,cold milk from goats,Indian,veg,"white pomfret fish, sunflower refined ooil, red chilli powder, salt, turmeric powder, ginger-garlic paste, lemon (juiced), cumin powder, coriander powder, garam masala, green chilli, curry leaves, coriander"
45,cold milk from camels,Mexican,non-veg,"dry red chillies, coriander seeds, cumin seeds, fenugreek seeds, black pepper, clove, garlic, turmeric powder, boneless chicken, curd, lemon (juiced), for cooking chicken:, tamarind pulp, ginger (1 inch), garlic cloves, onion, tomato, ghee, red chilli powder, salt, crushed jaggery, dosa batter (for 4 dosas), processed cheese, ghee or oil (to crisp the dosa), coriander leaves, curry leaves (deep fried), curd, salt, zeera powder, sugar, red chilli powder"
46,shack attack icecream,Japanese,non-veg,"buns, all purpose white flour, dry yeast, sugar, salt, warm water, chicken mince, eggs, soy sauce, sugar, sesame oil, worcestershire sauce, chives, aromat powder"
47,dubai malt icecream,Italian,non-veg,"millet flour, tapioca flour, soy milk, garlic powder, baking powder, salt, tomato sauce, mozzarella cheese, prosciutto, pepperoni, chicken salami, salami milano, rosemary, olive oil"
48,vanialla icecream,Chinese,non-veg,"chicken mince, garlic, carrots, spring onion, ginger, soya sauce, oyster sauce, sesame oil, pepper powder, egg, almonds (blanched), oil (for greasing)"
49,vniila tfee twril icecream,Italian,veg,"pizza dough (2 boules), red pepper, red onion, basil pesto (purchased, homemade or vegan pesto), mozzarella cheese, kosher salt"
50,b n b triffle icecream,French,veg,"pork chop, pink pepper corn, green pepper corn, aromatic sauce, salt, black pepper, salted butter, refined oil, red cabbage, bell pepper chop, apricot, onion, red wine, ancho chilli, cayenne pepper, microgreen"
51,peanut butter icecream,Dessert,veg,"unsalted butter, brown sugar, chocolate, chocolate chips, eggs, flour, cocoa powder, baking powder"
52,choclate icecream,Italian,non-veg,"for chicken parmigiana:, chicken breast, egg whole frozen, flour, planko bread crumbs, fresh italian parsley, vegetable oil, solid butter unsalted, tomato sauce, mozzarella cheese, italian parmesan cheese, thyme, for pepperonata:, red pepper, green pepper, yellow pepper, red onion, fresh tomato, butternut squash, garlic, pure olive oil, vegetable oil, black pepper corn (crushed), salt, parsley, for garnishing:, parsley sprig, spinach"
53,gelato icecream,Snack,veg,"rice, coconut, baking powder, vanilla extract, cinnamon powder, brown sugar, unsweetened cocoa powder, salt, chocolate chips, butter"
54,frozen yogurt icecream,French,non-veg,"norwegian salmon, black garlic pickle, butter, butchery bag, smoked yogurt, home made prawn crisp, edible flower, salt"
55,sorbet icecream,Italian,veg,"filo pastry, himalayan salt, black pepper, salted butter, tomato sauce, broccoli, button mushroom, green zucchini, yellow zucchini, capsicum yellow, capsicum green, capsicum red, pizza spice mix, mozzarella cheese"
56,soft serve icecream,Snack,veg,"refined flour, desi ghee, black cardamom seeds, chocolate block, almonds, cashew nuts, pistachio, sugar, garam masala powder, oil"
57,mochi icecream,Indian,non-veg,"jamun, sugar, chilli, garlic cloves (minced), cumin (powdered), fish fillet (pomfret (or any white fish), semolina, salt, wilted spinach"
58,sherbert icecream,Indian,non-veg,"chicken (boneless, cube size), chesse, garlic, ginger garlic paste, coriander, green chilli paste, cream (fresh), curd, kaju paste, salt, black salt , garam masala, chaat masala, butter"
59,philadelphia style icecream,Indian,non-veg,"King fish cut into one inch pieces, paprika cut into one inch pieces, bezel pasto, white wine vinegar, salt, cooking spray"
60,rolled ice cream,Snack,veg,"red lentils or masoor dal (half-boiled), potato (grated), carrot, french beans, bread slices, ground chickpea flour (sattu), green chillies, ginger, onions, garlic (minced), salt, sugar, chaat masala, red chilli powder, garam masala, corn flour, besan, bread crumbs for crunchyness, coriander, refined oil (for fryingp)"
61,cinnamon soul shakes,Italian,veg,"red lentils or masoor dal (half-boiled), potato (grated), carrot, french beans, bread slices, ground chickpea flour (sattu), green chillies, ginger, onions, garlic (minced), salt, sugar, chaat masala, red chilli powder, garam masala, corn flour, besan, bread crumbs for crunchyness, coriander, refined oil (for fryingp)"
62,black and white shakes,Japanese,veg,"for modak:, gram flour (besan), semolina (rava/suji), active charcoal, water, oil (for frying), sugar, water, cardamom powder, lemon juice, cashews (kaju)"
63,vanilla special shakes,Japanese,veg,"rice flour, salt, oil (for greasing), beetroot puree, tossed flax seeds (for topping), fresh coconut, jaggery, poppy seeds, green cardamom powder, nutmeg powder"
64,cool mint shakes,Japanese,veg,"for gujiya pastry:, refined flour, ghee, water, salt, for gujiya stuffing:, dark chocolate, prunes, mawa, sugar, cardamom"
65,strawberry marshallow shakes,Japanese,veg,"all-purpose flour, clarified butter (ghee), water, white chocolate, dessicated coconut, green cardamom powder, almond, jaggery"
66,blueberry cheesecake shakes,Dessert,veg,"full cream milk, cream, mascarpone, sugar, paan (crushed), cookie crumble, dark chocolate (melted), caramel sauce"
67,raspberry and white chocolate shakes,Italian,veg,"black pepper, black salt, bread crumb, corn flour, refined oil, jalapeno, jeera powder, maida, cottage cheese, parsley, salt, for thousand island dressing:, mayonnaise, tomato ketchup, minced garlic, celery, black pepper"
68,pina colada shakes,French,veg,"white butter, breakfast sugar, milk full fat, refined flour, winter carrots, ghee, sugar, khoya, cardamom powder, cashew nuts (crushed), almonds (crushed), full fat milk, full fat milk, grain sugar, green cardamom powder"
69,triple nut caramel shakes,Dessert,veg,"Banana, Greek yogurt, heavy cream, pure maple syrup, coconut"
70,neapolitan shakes,Healthy Food,veg,"1 cucumber peeled and chopped, onion, tomato, green chillies, garlic buds, pasarley, olive oil, lemon juice, salt and pepper"
71,fresh ginger hot tea,Healthy Food,veg,"Carrots, Olive Oil, Salt, Vegetable Stock, Ginger, Thyme, Onion, Garlic Buds, Pepper (Freshly Picked)"
72,fruit hot tea,Beverage,veg,"whisky, honey, cinnamon, star anise, cloves, green apple"
73,fresh mint hot tea,Beverage,veg,"milk, chocolate, cocoa powder, powdered sugar, cinnamon, vanilla"
74,hot chocolate,Mexican,veg,"red wine (merlot / zinfandel), apple cider, honey, orange (zested and juiced), cloves (whole), green cardamom, cinnamon sticks, anise (whole), brandy"
75,coffee hot,Beverage,veg,"haldi, ginger, black pepper, honey, water"
76,hot lemon hot,Beverage,veg,"ground white pepper (kali mirch), assam tea bags, almonds (badam) - coarsley crushed, poppy seeds (khus-khus), fennel seeds (saunf) (crushed coarsely), cardamom (elaichi) powder, ground sugar, saffron (kesar) strands"
77,green tea hot,Beverage,veg,"vanilla infused tequila, vanilla liqueur, lemon juice, lemon, lemon"
78,chai hot,Mexican,veg,"spinach, onion, cream, garlic, nutmeg, salt, lime juice, artichoke hearts (cubed), polenta, refined flour, salt, water, butter, flour, salt, pepper (freshly ground)"
79,chineese chow mein,Healthy Food,veg,"beetroots, green apple, onion, olive oil, salt, black peppercorns (crushed), butter, vegetable stock, mixed dried herbs, fresh cream, lemon juice, parsley sprigs, red chilli flakes, soup sticks as required"
80,chineese hot pot,Beverage,veg,"rum, espresso, sugar syrup/gur (jaggery) syrup, green cardamom pod,"
81,chineese dumplings,Beverage,veg,"chamomile tea bags, orange, berries, blueberries, ginger, mint leaves, boiling water"
82,chineese kung pao chicken,Beverage,veg,"Soybean, hot water"
83,chineese ma po tofu,Beverage,veg,"Freshly ground coffee, cardamom powder, ginger, milk, sugar, cream, chocolate"
84,chineese peking duck,Beverage,veg,"Coffee powder, water, milk, sugar"
85,chineese wonton soup,French,veg,"garlic cloves, almonds (whole), parsley, bayleaf, chicken broth, nutmeg, egg yolk, heavy cream, white bread slices, butter, salt, pepper, white wine"
86,chineese scallion pancakes,Healthy Food,non-veg,"whole turkey, butter, onion, celery, crumbled sage and thyme , salt and pepper, garlic minced, balsamic vinegar, sugar, cranberry"
87,chinese chicken mushroom chinese soup,Healthy Food,non-veg,"whole chicken, thyme, garlic, lemon, orange, salt, black pepper, butter (to rub), extra olive oil, carrot, turnip, beetroot, chipotle powder, parsley"
88,lotus root chinese soup,Snack,non-veg,"boneless skinless chicken thigh (trimmed), salt and pepper, yogurt, chilli powder, ginger garlic paste, coriander leaves, oil to fry, peri peri sauce, potato fries"
89,ching po leung cantonese herb chinese soup,Chinese,non-veg,"chicken (boneless), corn flour or all purpose flour, egg, bread crumbs, salt, ginger garlic paste, black pepper, onion powder (optional), red chilli powder or paprika or cayenne pepper, oil for deep frying"
90,chinese soup fish and tofu,Healthy Food,non-veg,"cooking oil, whole chicken (skin on- rinsed and dressed), onions (quartered- skin on), garlic (halved - skin on), carrots (roughly quartered), celery , thyme, dunkleweizen (pour into a glass and keep open at room temperature for an hour or two to make flat), chicken stock, butter, sea salt"
91,chinese soup judy's homemade chicken stock,Indian,non-veg,"malabar peppercorn, cinnamon stick, green cardamom pods, star anise, cloves, fennel seeds, vermicelli, desi ghee, shahi jeera, bay leaves, green chilli, mint leaves, onion, saffron, garlic paste, salt, chicken (dark meat), ginger paste, turmeric powder, coriander powder, red chilli powder, roma tomatoes (de-seedeed), water"
92,italian pizza,Indian,non-veg,"boneless chicken thigh (without skin), lemon juice, garlic paste, ginger paste, red chilli powder, coriander powder, garam masala, black pepper (crushed), salt, bread crumbs / semolina, eggs, red chilli powder, oil"
93,italian bottarga,Japanese,non-veg,"chicken drum sticks/ chicken breast, soy sauce, sugar, traditional corn syrup (substitution honey), cheong ju (clear rice wine similar to japanese sake), green onion, black pepper, olive oil, sesame seeds (optional), for marinating sauce:, gochugaru (red chili pepper flakes), alapenos, korean pear (substitution asian pear), onion, garlic, soy sauce, spicy yellow mustard, sesame oil, sugar, mul yut (substitution honey)"
94,italian lasagna,Indian,non-veg,"chicken (small pieces), onion (thin slices), cardamom, salt, oil, coriander, cumin, mustard, pepper, cloves, cinnamon, bedki chillies, kashmiri chilies, turmeric, onion, garlic, ginger, salt"
95,italian fiorentina steak,French,non-veg,"lamb mince, garlic , salt, paprika powder, pomodaro tomatoes, olive oil, celery, shallots, carrot, black pepper, bay leaf, yellow chilli powder, cilantro, chicken thigh, salt, white pepper powder, garlic paste, white wine vinegar, olive oil, yellow chilli powder, refined oil, fenugreek seeds, white pepper powder, garlic, fenugreek leaves, onion, broken cashew, salt, fresh cream, kasoori methi"
96,italian ribollita,Indian,non-veg,"boneless chicken, lemon juice, red chilli powder, salt, ginger garlic paste, curd, red chilli powder, salt, coriander powder, oil, onion, oil, bay leaf, green cardamom, black cardamom, cinnamon, ginger garlic paste, tomato, kasoori methi, green chilli, water"
97,italian polenta,Chinese,non-veg,"egg, salt, white pepper, maida, salt, red chilli powder, garlic powder, ginger powder, onion powder, oregano, chillil flakes, white pepper, basil, chicken drumsticks, salt, white pepper, bread crumbs (as required)"
98,italian ossobuco,Chinese,non-veg,"chicken, onion, green chilli, garlic, ginger, salt, aromatic powder, soya sauce, oyster sauce, spring onion, filo sheets"
99,italian risotto,Indian,non-veg,"mustard oil, curry leaves, kalonjee, saunf, garlic, onion, tomatoes, ginger, green chillies, boneless chicken, salt, tomato puree, red chilli powder, cumin powder, black salt, peppercorn (crushed), water, mint, coriander"
100,neapolitan pizza,Indian,non-veg,"oil, ghee, onion paste, garlic paste, ginger paste, turmeric powder, salt, tomato puree, coriander powder, red chilli powder, cumin powder, garam masala, chicken leg pieces, coriander leaves, water"
101,chicago pizza,Italian,non-veg,"fresh breadcrumbs, parmesan cheese, lemon rind, fresh parsley leaves, garlic powder, plain flour, egg, milk, chicken breast supremes, vegetable oil, mayonnaise, sour cream, fresh chives (dried if fresh not available), fresh parsley (dried if fresh not available), garlic, red onion (optional), ground black pepper, salt"
102,new york-style pizza,Indian,non-veg,"dahi, cumin powder, garlic paste, garam masala, turmeric powder, red chilli powder, salt, boneless chicken, oil, green chilli, onion, tomato"
103,sicilian pizza,Indian,non-veg,"chicken, ginger garlic paste, curd, lemon juice, vinegar, coriander powder, cumin powder, red chilli powder, salt, onion, butter, red chilli powder, coriander powder, cumin powder, ginger, water, salt, green chilli, tomatoes, sugar, butter , cream"
104,greek pizza,Chinese,non-veg,"boneless chicken, salt, cornflour, black pepper, egg, soy sauce, red chilli sauce, garlic, green chillies, green chilli sauce, vinegar, onion, capsicum, black pepper, salt"
105,california pizza,Snack,non-veg,"chicken breast (cut into strips), salt, garlic paste, ginger paste, green chilli paste, oats, refined flour, salt, freshly ground black pepper, fried mixed herbs (italian herb), garlic powder"
106,detroit pizza,Beverage,non-veg,"water, chicken (diced)), ginger garlic paste, coriander, lemon, cream, butter, turmeric powder, green chilli paste, cornflour, salt"
107,st. louis pizza,Healthy Food,non-veg,"chicken thigh/breast (cut crosswise into 1/2-inch-thin strips), sesame oil (toasted), white pepper (finely ground), ginger juice, peanut oil or vegetable oil (divided), garlic cloves (minced), ginger, red chilli flakes, red onion , snow peas (trimmed), red bell pepper (cut into thin strips), rice vinegar, soy sauce, dark soy sauce, chinese rice wine, brown sugar, cornflour"
108,shack burger,Indian,non-veg,"boneless chicken, biryani masala, yogurt, onions, coconut oil, cauliflower, coconut (diced), onion (diced), peppercorns, cardamoms, cumin seeds, bay leaves, cinnamon, cloves, coconut oil, garam masala, dry chilli flakes, turmeric powder, black peppercorns, cardamom, cinnamon, garlic (crushed), tomato puree, green chillies, fresh ginger (peeled), dry red chilli, salt"
109,shroom burger,Healthy Food,non-veg,"onions, tomato, green chillies(slit open), ginger garlic paste, mint leaves, coriander leaves/cilantro, fresh yogurt/curd(beaten), turmeric powder, chilli powder, salt, chicken (cut into pieces), garam masala powder, ginger garlic paste, yogurt/curd, chilli powder, coriander powder, salt, oil, cloves, bay leaf , cardamom"
110,smoke buger,Italian,non-veg,"chicken, salt, crush black pepper, garlic cloves (minced), olive oil, fresh thyme, button mushroom, onion, low fat milk, basil, basil-tomato sauce"
111,stack shack burger,Healthy Food,non-veg,"carrot (finely diced), onion (finely diced), celery (finely diced), fresh thyme sprigs, whole free range chicken , pepper (freshly ground), parsley stems, celery leaves, lemon slices (1/8 inch thick), onion, carrot, fresh lemon juice, chicken stock/broth, plums (cut), fresh cherries"
112,cheese burger,French,non-veg,"chicken breasts, olives, jalapenos, bell peppers(all 3), thyme dried, white wine, salt, black pepper (crushed to taste), egg, olive oil, mozerella cheese, processed cheese"
113,shack attack,Snack,non-veg,"chicken wings without skin, hung curd, chilli powder, sweet paprika powder, english mustard paste, garlic paste, salt, garlic, rum, bbq sauce"
114,hamburger,Chinese,non-veg,"Chicken (boneless and cut into small pieces), eggs (lightly whipped), maida, garlic paste, ginger paste, salt, water, oil"
115,chick n chack burger,Indian,non-veg,"Chicken, Onion, Tomato, Green Chilli, Cumin Powder, Coriander Powder, Green Coriander, Curd, Ginger Garlic, Red Chilli Powder, Salt, Oil"
116,Smokin' cheese burger,Mexican,non-veg,"Chicken Thai, Salt, Pepper, Lemon, Fresh Thyme, Barley, Brockley, Mushroom, Extra Virgin Olive Oil, Cherry Tomato"
117,mighty n' cheesy burger,Indian,non-veg,"Salt, sugar, seasonings, oil, corn flour, chicken leg, fresh chilli, garlic, ginger, onion, red chili paste, tomato catchup, paprika, yellow capsicum, vegetable stock"
118,cheesy stuff,Indian,non-veg,"Chicken breast, kasundi (Bengali mustard sauce), sweet potato, red and yellow capsicum, broccoli, garlic buds, refined oil, salt, butter, cream, green onion, honey, ginger and garlic paste"
119,cream n' cheese buns,Chinese,non-veg,"Oil, chicken breast, garlic, ginger, tomato catchup, oyster sauce, shitake mushrooms, bomb shoots (boiled), salt, sugar, broth powder, shocking wine, potato starch, sesame oil, green onions"
120,cheesey,Indian,non-veg,"Chicken (sliced), garlic paste, ginger paste, Hung curd, salt, garam masala, coriander powder, pepper powder, cream, oil, for garnishing:, lemon pieces, onion rings"
121,cheese hotdog,Indian,non-veg,"Chicken (sliced ??into large pieces), salt, cranberry puree, red chilli powder, garam masala, coriander powder, cumin powder, chaat masala, corn flour, fenugreek leaves, gram flour, ginger, garlic, cream, Greek yogurt, butter"
122,ny style hotdog,Snack,non-veg,"Chicken breast (cut 20 strips, 20 grams), all purpose flour, salt, hot red chillies, eggs, bread crumbles, white cabbage slaw, pasarley sprig, honey-mustard dip, green bell pepper"
123,shack-cago hd hotdog,Thai,non-veg,"Chicken Thais, Thai Ginger, Lemon Leaves, Lemongrass, Coconut Milk Powder, Refined Oil, Red Curry Paste, Peanut Butter, Bezel Leaves, Lotus Stem, Yellow Butter, Chaat Masala"
124,coney island hotdog,Indian,non-veg,"Chicken Mince, Onion, Tomato, Green Capsicum, Green Coriander, Green Chilli, Salt, Oil, Cashew, Almond, Mint, Red Chilli Powder, Ginger Garlic Paste, Cumin Powder, Lemon Juice, Fresh Cream, Kewda Water"
125,bowwow hotdog,Indian,non-veg,"Chicken Thais, Garlic Paste, Garlic Paste, Yellow Chilli Powder, Cheese, Curd, Gram Flour, Green Cardamom Powder, Yellow Chilli Powder, Mace Powder, Nutmeg Powder, Rock Salt, Green Coriander, Oil"
126,footlong hotdog,Indian,non-veg,"processed crab meat, refined oil, curry leaves, garlic, green chilli, onion, ginger-garlic paste, coriander, coriander powder, cumin powder, turmeric powder, garam masala powder, kashmiri chilli powder, salt, lemon, chop masala, tomato"
127,frank hotdog ,Mexican,non-veg,"turkey breast, cajun spice, spinach leaves (cooked and drained), garlic pods, salted butter, feta cheese, bacon strips, ground black pepper, for cajun spice:, onion powder, garlic powder, seasoning salt, paprika, ground black pepper, cayenne pepper, oregano, thyme, red pepper flakes (if you like it spicy))"
128,link hotdog,Thai,non-veg,"lamb (minced), couscous, scallion, garlic, egg, parsley, olive oil, mint, ao nori herb, salt, five spice, cinnamon powder"
129,weenie hotdog,Thai,non-veg,"vegetable oil, garlic, ginger, lamb, stock, oyster sauce, dry sherry, sugar, celery, salt, bokchoy, shitake mushroom"
130,normal fries,Indian,non-veg,"oil, cumin seeds, cloves, black peppercorns, cinnamon, coriander seeds, ajwain, red chilli whole, chilli flakes, boneless chicken, salt, water, ginger, green chilli, garlic, coriander leaves , mint leaves , egg"
131,cheese fries,Mexican,non-veg,"refined oil, black cardamoms, green cardamoms, mace, clove, cinnamon stick, black pepper corn, ginger garlic paste, ginger, green chilies, mutton curry cut, brown onion paste, salt, kashmiri red chili powder, tomato puree, garam masala powder, coriander powder, cumin powder"
132,bacon & cheese fries,Thai,non-veg,"mutton chops, espresso, honey, balsamic vinegar, rosemary, pink peppercorns (crushed), olive oil, salt"
133,crinkle-cut fries,Indian,non-veg,"mutton (wash and cut into very small cubes), ghee or oil, tomatoes, onions, green chillies, coriander leaves, chilli powder, turmeric powder, ginger-garlic paste, water, vinegar, jaggery, salt, potatoes, oil"
134,curly fries,Thai,non-veg,"Lang Shanks, Olive Oil, Onion, Carrots, Celery Stick, Garlic, White Wine, Lamb Stock, White Wine, Rosemary, Tomata Puree"
135,home fries,Indian,non-veg,"Lamb pieces, yogurt, turmeric powder, castor sugar, red chili powder, mustard oil, onion, ginger paste, garlic paste, green chillies, mustard seeds, almonds"
136,shoestring fries,Indian,non-veg,"sear fish, coconut, ginger, pureed tamarind, salt, powdered turmeric, green chillies, red chilli powder, shallots"
137,steak fries,Japanese,non-veg,"sole fillet (you can also do 2/3 types of fish), large shrimps (optional), potatoes (peeled), onions (cut into slices), garlic cloves, red capsicum (can use green also), parsley or coriander (choose the herb that most suits your taste buds), few dashes of hot sauce, paprika, olive oil, white wine, rock salt"
138,sweet potato fries,Indian,non-veg,"whole coriander seeds, whole red chilli, coconut oil, mustard seeds, onion, curry leaf, coconut milk, tamarind pulp, coriander, seabass fish curry cuts"
139,tater tots fries,Thai,veg,"tamarind, red chilli powder, turmeric powder, salt, fresh coconut, onion, garlic cloves, coriander seeds, fenugreek seeds, red chilli powder, turmeric powder, tamarind (lemon sized), butter, lobster (de-shell and devein and make a small cube), salt and lime, surmai"
140,tornado fries,Thai,non-veg,"butter, tabasco, chives, salt, salmon fillet, olive oil, sea salt"
141,ice tea drinks,Italian,non-veg,"lobster shell, carrot, leeks, garlic cloves, tomato paste, bay leaf, peppercorn, water, lobster meat, arborio rice, onion, leeks, lobster stock, parmesan cheese, cream, salt, olive oil, egg, parmesan, flour, milk, parsley, salt, cherry tomatoes, garlic pods, olive oil, water, oil, flour, salt"
142,float water drinks,Thai,non-veg,"sea bass fillets, olive oil (for grilling), red wine vinegar, sugar, extra virgin olive oil, garlic clove, coriander, bamboo skewers"
143,fifty-fifty water drinks,French,veg,"baked tart of mixed sea food served with phyllo fruit bowl, savory tart shell (semi baked), mixed sea food, mornay sauce, assorted herb and seasoning, phyllo pastry, assorted seasonal fruit"
144,shack lemonade drinks,French,veg,"prawns, gherkin, onion, cilantro, mix bell pepper, tiger milk, sweet corn, sea salt, black pepper, green lemon juice, cherry tomato, edible flower, coriander stems, celery stalks, garlic, ginger, red onion, lemon juice, sea salt, black pepper"
145,fruit juice cold drinks,Japanese,veg,"cooked rice, shrimp (de-veined, onion, cooked green peas, green onion, egg (scrambled), vegetable oil/butter, soy sauce, sesame oil, salt, pepper"
146,sparkling cold water,Thai,veg,"jeera whole, coriander seeds, kashmiri chilly, garlic, ginger, green chillies, kokum, coconut, onion, tomatoes, coriander, prawns, salt, turmeric powder, garlic paste, asafoetida, refined oil, ginger paste, goan rice, coconut milk, green chillies, fresh coconut, hing, refined oil, coriander leaves, basmati rice, coconut milk, green chillies, coconut milk, coconut, salt, green chillies, curry leaf, lecite"
147,"cold coffee, cold tea",Indian,non-veg,"rohu fish, salt, turmeric powder, chilli powder, oil, garlic , green chillies, mustard seeds, black peppercorns, cumin seeds, whole red chillies, fenugreek seeds, tomatoes, mustard oil, bay leaves, water, garam masala, coriander leaves"
148,cold soymilk,Thai,non-veg,"river sole fish (cut in thin strips), garlic paste, salt , lime juice, beer, flour, cornflour, white pepper, eggs, mustard"
149,cold almond milk,Healthy Food,veg,"prawns (shelled and cleaned), spring onions, mango flesh, litchis (deseeded), chilli flakes, lemon (for lemon juice), olive oil, peanuts (to garnish), salt"
150,cold milk from cows,Indian,non-veg,"white fish (cut into cubes), onion, tomato, garlic cloves, fresh green chillies (deseeded), oil, fresh coconut paste, red chilli paste, coriander powder, turmeric powder, salt, whole dry red chillies, black mustard seeds, curry leaves, tamarind extract, water"
151,cold milk from goats,French,non-veg,"white wine and water mix to cover, onion, salt, bay leaf, black pepper corns, olive oil, onion, garlic, tomatoes (peeled and seeded), basil leaves, spring fresh thyme - optional 1 bay leaf, salt and pepper, olive oil, wine vinegar, prepared mustard, salt and pepper, assorted garden herbs ( parsley, basil etc."
152,cold milk from camels,Thai,veg,"Oil, Bacon, Prawns, Chicken, Carrots, Garlic Buds, Ginger, Spring Onion, Sweet Chili Sauce, Soy Sauce, Salt, Pepper, Sweet Corn, Vinegar, Baked Rice, Green Coriander"
153,shack attack icecream,Indian,non-veg,"Fish, onion, tomato, reshagi red chilli powder, cumin powder, coriander powder, coriander, cumin, salt, oil"
154,dubai malt icecream,Italian,non-veg,"Fillet fish, oil, milk, flour, butter, salt, ground black pepper"
155,vanialla icecream,Chinese,non-veg,"For fish pieces (Boneless), Flour, Cornflour, Baking Powder, Soy Sauce, Celery, Pepper, Salt, Oil, Green Onion, Sauce:, Ginger, Garlic, Green Chili, Soy Sauce, Tomato Sauce, Chili Sauce, Cornflour"
156,vniila tfee twril icecream,Indian,non-veg,"Tuna, onion, fenugreek, whole chilli, pandan leaf, salt, water, cardamom, cinnamon, coriander powder, black pepper, red chilli, curry powder, garlic (crushed), chili flakes, gorca, salt"
157,b n b triffle icecream,Indian,non-veg,"Surmai fish, oil, garlic buds, ginger (mash), cumin, fennel, whole coriander, black pepper, mustard seeds, curry leaves, salt, oil, water, tomatoes, red pepper powder, turmeric powder, tamarind pulp, cornflour, lemon pieces of"
158,peanut butter icecream,Indian,non-veg,"Basa fish, onion, ginger, garlic buds, green chillies, turmeric, red chilli powder, coriander powder, lemon juice, curry leaves, refined oil, refined oil, mustard seeds, black pepper, fennel, green cardamom, coconut milk, Cherry tomatoes"
159,choclate icecream,Mexican,non-veg,"Fresh fish pieces (river sol or sea bass), maida, passerley, oil, baking powder, maida, egg (optional), soda water, salt and pepper"
160,gelato icecream,Mexican,non-veg,"King fish, ripe tomatoes, desi ghee, ginger-garlic paste, onion, turmeric powder, red chilli powder, black pepper powder, garam masala, ginger, turmeric powder, fennel powder, refined oil, salt, water"
161,frozen yogurt icecream,Mexican,non-veg,"Sol fish, tomato, onion, lemon juice, olive oil, ginger and garlic paste, bay leaves, cinnamon stick, green chillies, vinegar, salt, water"
162,sorbet icecream,Thai,veg,"Onion, potato, prawns, eggs, milk, butter, coriander, salt, water"
163,soft serve icecream,Indian,veg,"red rice vermicelli / broken sooji / semolina vermicelli, butter, almonds, whole milk, cardamom powder, saffron strands / thread, sugar"
164,mochi icecream,Healthy Food,veg,"english cucumbers, garlic cloves (smashed), romaine lettuce, basil, parsley, cilantro, big lemon, sea salt, olive oil"
165,sherbert icecream,Thai,veg,"rice, onion, thai ginger , fresh turmeric, curry leaf, lemon grass, coconut milk, salt, hot curry powder, pineapple chunks, oil, water, turmeric powder, fresh pineapple"
166,philadelphia style icecream,Italian,veg,"carnaroli rice, vegetable broth, butter, extra virgin olive oil, parmigiano cheese, onion (minced), white wine, salt & pepper"
167,rolled ice cream,Chinese,veg,"oil, ginger-garlic paste, spring onion, carrot, cabbage, capsicum, salt, soy sauce, vinegar, rice"
168,cinnamon soul shakes,Chinese,non-veg,"oil, garlic, spring onion , ginger, red chilli , egg, cooked rice, salt, black pepper powder, soya sauce"
169,black and white shakes,Indian,veg,"rice, water, curd, milk, carrot, green chilli, ginger, salt, coriander leaves, oil, mustard seeds, chana dal, urad dal, curry leaves, red chilli, hing"
170,vanilla special shakes,Chinese,veg,"basmati rice, carrot, capsicum, beans, green peas, ginger, garlic, green chillies, bay leaf, cinnamon sticks, green cardamoms, clove, soya chunks, salt,"
171,cool mint shakes,Indian,veg,"basmati rice, american corn kernels, olive oil, onion, ginger garlic paste, salt, green chillies, cumin seed, bay leaf, pepper corn, cloves, hot water, coriander leaves, lime juice, bell pepper (saut?ed and diced), coconut"
172,strawberry marshallow shakes,Indian,veg,"zucchini, basmati rice, fenugreek (methi), clarified butter (desi ghee), clarified butter (desi ghee), cumin seeds (jeera), asafoetida (heeng), green chilles, ginger, salt"
173,blueberry cheesecake shakes,Indian,veg,"cooked basmati rice, oil, asafoetida (heeng), mustard seeds (sarson), curry leaves (kadhi patta), whole red chilli (sabut laal mirch), turmeric powder(haldi), salt, lemon juice, peanuts, urad dal, chana dal, ginger"
174,raspberry and white chocolate shakes,Indian,veg,"black gram (kala chana), basmati rice (soaked for 2 hours), cinnamon, green cardamoms, cloves, ghee, black cardamoms, black peppercorns, bay leaves, onions, green chillies (slit), ginger-garlic paste, coriander powder, turmeric powder, yogurt, fresh mint leaves, fresh coriander leaves, garam masala powder, red chilli powder, salt, cashew nuts, almonds, milk, fresh cream, saffron, ginger, screw pine essence (kewra), browned onions, whole wheat flour dough"
175,pina colada shakes,Mexican,non-veg,"chicken, oil, salt and pepper, paprika powder, chilli flakes, garlic paste, onions, bell peppers, rice, vegetable stock, saffron, peas, olives, parsley, white wine"
176,triple nut caramel shakes,Thai,non-veg,"fish (cubed), thai green curry paste, oil, onions, garlic, ginger/galangal, coconut milk, coriander, lemon juice, palm sugar, basil leaves, salt & pepper"
177,neapolitan shakes,Indian,veg,"water, basmati rice, ghee, paneer (cooked), carrot, beans, peas, elaichi, cardamoms, cinnamon, bay leaves, cumin seeds, chilli powder, turmeric, salt, coriander leaves"
178,fresh ginger hot tea,Healthy Food,veg,"Rice, Green Coriander, Green Chillies, Onion, Cinnamon, Cardamom, Cloves, Red Chilli Powder, Salt, Garlic Flakes, Ginger, Chalet, Olive Oil"
179,fruit hot tea,Chinese,veg,"Shitake Mushrooms, Vegetable Oil, Garlic Buds, Green Chillies, Water chestnuts, Onions, Leaks, Celery, Ginger, Sesame Oil, Rice Baked, White Chillies, Salt, Rice Wine Vinegar, Green Onions, Small Bunch Pasarley, Sesame Oil"
180,fresh mint hot tea,Chinese,veg,"Jasmine Rice (Baked), Edamame Beans, Mock Meat, Shitake Mushroom, Spring Onion, Dark Soy Sauce, Sunflower Oil, Salt"
181,hot chocolate,Indian,veg,"Cumin, Onion, Ginger Garlic, Mix Vegetable, Coriander Powder, Garam Masala, Turmeric Powder, Salt, Red Chilli Powder, Green Chillies, Lemon Juice, Steamed Rice, Green Coriander"
182,coffee hot,Indian,veg,"Red rice, water, potatoes, carrots, raw banana, drumstick, small raw mango, sour curd, bean stick, onion, salt, turmeric, water, coconut oil, green chillies, mustard seeds (crushed)"
183,hot lemon hot,Thai,non-veg,"Rice, desi ghee, big cardamom, bay leaf, cinnamon stick, fennel, onion, lamb bonz, royal cumin, cashew, cream, green cardamom powder, salt, water"
184,green tea hot,Italian,veg,"baguette (grilled slices), black olive tapenade, artichoke hearts, lettuce arugula (trummed), tomato confit, fresh basil leaves, mint leaves, zucchini, goat cheese, parmesan cheese shavings, mozzarella buffalo cheese"
185,chai hot,Italian,veg,"olive oil, fresh buffalo mozzarella cheese, canned pelati tomatoes (cooked), pizza/flatbread base, mushrooms, red wine, parsley, garlic cloves (halved), salt"
186,chineese chow mein,Dessert,veg,"plain flour, baking powder, sea salt, unsalted butter, egg yoks, castor sugar, double cream, yolk, sugar, gelatine, butter, pistachio paste, strawberry"
187,chineese hot pot,Italian,veg,"pizza base , pizza sauce, mozzarella cheese, black olive, green capsicum, carrots, olive oil"
188,chineese dumplings,Indian,veg,"rava/suji/semolina, rice flour, all purpose flour, fresh coconut (pieces), jeera, green chilli, dhaniya, onion (diced), salt, water, oil, ghee/clarified butter"
189,chineese kung pao chicken,Indian,veg,"oil, hing, mustard seeds, curry leaves, whole red chillies, cookes peas, peanuts, turmeric powder, salt, bread, green chillies, lemon juice, coriander leaves, dessicated coconut"
190,chineese ma po tofu,Indian,veg,"bread (white/brown), butter, for chana chaat:, chana, onion, tomatoes, cumin seeds, ginger garlic paste, chilli powder, chana masala, turmeric powder , oil, salt"
191,chineese peking duck,Italian,veg,"panko, 1/4 cup plus 1 tablespoon extra-virgin olive oil, plus more for drizzling, kosher salt, freshly ground pepper, garlic cloves, manila clams or cockles, scrubbed, dry white wine, spaghetti, lemon zest, lemon juice, mullet bottarga (optional; see note), red pepper, thyme, rosemary, parsley"
192,chineese wonton soup,French,veg,"kasha, boiling water, buckwheat flour, all-purpose gluten free flour, brown sugar, baking powder, baking soda, xanthum gum, salt, buttermilk, cream, egg, oil, walnuts"
193,chineese scallion pancakes,Indian,non-veg,"whole wheat flour, salt, oil, eggs, onions, green chilli, coriander leaves, garam masala"
194,chinese chicken mushroom chinese soup,Mexican,non-veg,"egg, salt, pepper, ham slices, basil leaves"
195,lotus root chinese soup,French,non-veg,"eggs, brown bread slices, butter, chilli flakes, oregano, salt"
196,ching po leung cantonese herb chinese soup,Indian,veg,"bread slices, curd, oil, salt and black pepper , red chilli powder, aamchoor powder, mint leaves, zeera powder, anardana"
197,chinese soup fish and tofu,Mexican,veg,"Wheat flour, Kasuri methi, water, olive oil, avocado, mozzarella cheese, pizza tasting, ghee, salt"
198,chinese soup judy's homemade chicken stock,Italian,veg,"French Bread Loaf, Tomato, Extra Virgin Olive Oil, Salt, Black Pepper, Passerley, Stuffed Green Olive"
199,italian pizza,Dessert,veg,"plain flour, baking powder, salt, castor sugar, baking soda, eggs, butter, vanilla essence, lemon juice, poppy seed, lemon peel, to serve:, lemon syrup, whip cream, fresh berry"
200,italian bottarga,Dessert,veg,"cashew nuts, sugar, water, milk chocolate or dark chocolate"
201,italian lasagna,Mexican,veg,"milk, sugar, cardamom powder, saffron, almonds and pistachios, grapes, apple, kiwi, orange, pomegranate, mint leaves, tortilla sheet, oil"
202,italian fiorentina steak,Dessert,veg,"Pistachios, milk, sugar, broken rice, green cardamom, white chocolate, milk, egg yolks, whipped cream, vanilla pod, mandarin, sugar, water"
203,italian ribollita,Dessert,veg,"Banana, Castor Sugar, Flour, Oil, Milk, Eggs, Baking Soda, Flax Seeds, Almond Flakes, Chia Seeds"
204,italian polenta,Dessert,veg,"Chocolate sponge eggless, dark chocolate, single cream, almonds, castor sugar, instant coffee powder, dark rum"
205,italian ossobuco,Dessert,veg,"Vanilla pre mix, gel, oil, water, egg yolks, lemon juice, sugar, butter, white chocolate, cooking cream, milk"
206,italian risotto,Dessert,veg,"Sugar, egg yolks, egg, butter, yeast, milk"
207,neapolitan pizza,Dessert,veg,"Butter, cinnamon molasses powder, nutmeg (powdered), almonds, sugar, eggs, orange peel, banana, flour, baking soda, baking powder, salt, buttermilk, powdered cinnamon"
208,chicago pizza,Dessert,veg,"Wheat flour, banana, jaggery, milk or water, ghee or oil"
209,new york-style pizza,Dessert,veg,"Camel milk, sugar, vinegar, butter, brown sugar, maida, eggs"
210,sicilian pizza,Dessert,veg,"Knoia (cooked), oats, cinnamon powder, salt, brown sugar or jaggery, nuts, coconut nuts, eggs, kinoia, coconut milk, maple syrup, vanilla extract, cinnamon powder, salt, honey"
211,greek pizza,Healthy Food,non-veg,"pot barley, onions, worcestershire sauce, chilli flakes, mustard seeds, thick mutton chunks, thick neck of lamb chops, water or stock (to cover), salt, black pepper (freshly ground)"
212,california pizza,Indian,non-veg,"shallow fried chicken, bottle gourd (boiled and sun dried), onion, garlic, whole spices:, green cardamom, black cardamom, cinnamon sticks, turmeric, deggi mirch, fennel seeds powder, dry ginger powder, coriander powder, salt, mustard oil, desi ghee"
213,detroit pizza,Dessert,veg,"for berry parfait:, egg yolk, caster sugar, berry puree, cream cheese, double cream, for hazelnut streusel:, ground hazelnut, flour, caster sugar, butter, for hazelnut white chocolate pressed sable:, hazelnut streusel, cocoa butter, puffed rice, clarified butter, melted white chocolate, for flexy berry:, raspberry puree, sugar, liquid glucose, pectin"
214,st. louis pizza,Indian,non-veg,"Raw papaya, raw potato, almonds, salt, asafoetida, turmeric, celery, coriander, ginger, green chillies, gram flour, green coriander, oil, pineapple, onion, green chillies, green coriander, lemon juice, salt, pepper"
215,shack burger,Healthy Food,veg,"Mix vegetable (tomatoes, carrots, peas and French beans), salt, cumin powder, oil, curry leaves"
216,shroom burger,Dessert,veg,"dark chocolate, white chocolate, strawberries"
217,smoke buger,Healthy Food,veg,"cauliflowers, garlic, halved, olive oil , dijon mustard , kosher salt , freshly ground black pepper , fresh parsley leaves, parmesan , lemon wedges"
218,stack shack burger,Healthy Food,veg,"sweet potatoes, butter, brown sugar, pure vanilla extract, ground cinnamon, himalayan pink salt / rock salt"
219,cheese burger,Dessert,veg,"tart apples (2 large), sugar, apple juice, eggs, vegetable oil, vanilla extracts, all-purpose flour, apple pie spice (cinnamon), salt, pecans, candied red cherries (halved), candied green cherried (halved), candied pineapple (diced), cashews (optional)"
220,shack attack,Dessert,veg,"egg whites, breakfast sugar, icing sugar, almond powder, matcha powder, heavy cream, white chocolate"
221,hamburger,Healthy Food,veg,"popped amaranthus (cholai), oats, almonds, cinnamon powder, sunflower seeds, sesame seeds, honey, brown sugar, salt, olive oil, lemon rind, plain yogurt (whipped with lemon rind), blueberries"
222,chick n chack burger,Dessert,veg,"dark chocolate coverture, butter, sugar, eggs, flour, baking powder, salt, cocoa powder, vanilla essence"
223,Smokin' cheese burger,Thai,veg,"rice paper sheets, iceberg lettuce, carrot, bean sprouts, cucumber, tofu, basil, mint leaves, coriander, rice noodles (soaked in warm water for 20-25 minutes), peanuts, hoisin sauce, peanuts, garlic, oil, red chillies, water"
224,mighty n' cheesy burger,Dessert,veg,"maida, baking powder, castor sugar, butter, milk, vanilla essence, vinegar"
225,cheesy stuff,Dessert,veg,"yams (red skinned), condensed milk, sugar, egg , cinnamon , marshmallows ,"
226,cream n' cheese buns,Healthy Food,veg,"asparagus, 1 fried onion (medium), 1/2 tsp breakfast sugar, 10 ml potato starch, 20 ml stock vegetarian, 20 gm porcini, salt to taste, 50 ml oil"
227,cheesey,Healthy Food,veg,"rolled oats, buttermilk (divided), whole wheat flour or oat flour, baking powder, baking soda, cinnamon, salt, eggs, canola oil , honey or maple syrup,"
228,cheese hotdog,Dessert,veg,"butter biscuits (broken into pieces), butter (softened), cream cheese (softened), sugar, egg, rose essence or vanilla essence, chocolate chips"
229,ny style hotdog,Dessert,veg,"dark chocolate, butter, icing sugar, egg yolks + whole eggs, flour"
230,shack-cago hd hotdog,Dessert,veg,"maida/ flour, baking powder, sugar, cocoa powder, vanilla essence, butter (softened, salted. in case you are using unsalted butter, add 1/4 tsp salt), milk (to make the batter smooth. adjust the milk quantity according to your batter's smoothness), coffee powder + 1 tsp water, to make a paste (you can increase or decrease according to your coffee tolerance)"
231,coney island hotdog,Italian,non-veg,"black pepper, plain flour, olive or sunflower oil, rashers lean bacon, onions or shallots (cut in half), mushrooms, butter, boneless and skinless chicken breasts (chopped into 3cm pieces), dry white wine, chicken or vegetable stock, garlic cloves, bay leaves, fresh thyme sprigs (washed or 1/2 tsp dried thyme)"
232,bowwow hotdog,Dessert,veg,"Apple, Eggs, Walnuts, Sugar, Walnuts, Oil, Flour, Baking Powder, Cinnamon Powder"
233,footlong hotdog,Healthy Food,veg,"Almond Powder, Egg, Honey, Baking Soda, Vanilla Essence, Salt, Honey, Almond"
234,frank hotdog ,Dessert,veg,"Butter, Castor Sugar, Christmas Mix Spicy, Cinnamon Powder, Honey, Glucose, Cream, Poultry Flour, Baking Soda, Bread Flour"
235,link hotdog,Healthy Food,veg,"Oven temperature, wheat flour, jaggery sugar, baking powder, oil, eggs, water, almond essence, walnuts"
236,weenie hotdog,Dessert,veg,"oven temp: 150 c-300 f, butter, sugar, eggs, almonds, vanilla essence, mixed fruits (sultanas, raisins, candied peels and cherries), refined flour,"
237,normal fries,Dessert,veg,"Butter, Brown Sugar, Castor Sugar, Vanilla Essence, Dark Chocolate, Refined Flour, Cocoa Powder, Baking Soda, Salt, Milk, Cadbury Gems"
238,cheese fries,Indian,veg,"potatoes, paneer (cottage cheese), maida, coriander leaves (chopped), onion, ginger-garlic paste, tomatoes, malai or cream, raisins and cashew nuts, cashew nuts paste, haldi, red chilli powder, kitchen king masala, kasuri methi (dry fenugreek), salt, sugar"
239,bacon & cheese fries,Dessert,veg,"sugar, water, milk, cardamom seeds, saffron, cardamom powder, khoya, baking soda, maida, milk"
240,crinkle-cut fries,French,non-veg,"lamb chops or stewing lamb, vegetable oil, cassia bark or cinnamon stick, bay leaves, green cardamoms, onions, garlic cloves, butter, turmeric, chilli powder, ground cumin, ground coriander, tomato puree, salt, garam masala, lemon juice"
241,curly fries,Thai,non-veg,"fresh sole fish, black pepper powder, lemon (juiced), onion, coriander seeds, black pepper, raw rice, garlic cloves, coconut, coriander leaves, ginger (large), cinnamon powder, clove powder, ground nut oil, tamarind paste, cooking oil, salt,"
242,home fries,Indian,veg,"milk, rice (washed), sugar, raisins, green cardamoms, almonds (shredded)"
243,shoestring fries,Japanese,veg,"basmati rice, milk, sugar, pistachio, almonds, green cardamoms(powdered), saffron, rose water, rose petals (dried), dark chocolate"
244,steak fries,Dessert,veg,"all purpose flour, yogurt, oil, sugar, water, saffron, green cardamom, yogurt (strained), milk (warm), sugar, nutmeg, cardamom powder"
245,sweet potato fries,Italian,veg,"broccoli, butter, extra virgin olive oil, all-purpose flour, low fat milk, salt, black pepper, cheddar cheese, eggs (separated), egg whites, cream of tarter"
246,tater tots fries,Dessert,veg,"butter (at room temperature), dark brown sugar, eggs, flour, salt, all spice powder, cinnamon, nutmeg, currants; golden raisins; dark raisins (each), soft dried figs, dates (pitted), prunes (stoned dried), apricots (dried), almonds (chopped), brandy, instant espresso (mixed with 1 tbsp water)"
247,tornado fries,Healthy Food,non-veg,"chicken breasts (boneless), eggs (slightly whisked), ginger paste, garlic paste, onions, coriander leaves, green chillies, black pepper powder, flour, vinegar, salt, oil"
248,ice tea drinks,Snack,veg,"hung curd, butter, cream, ground pimento, lemon juice, vodka, salt and pepper, asparagus spears(cooked), ham, pineapple slices"
249,float water drinks,Chinese,veg,"mixed vegetables - chopped fine or grated, eggs (slightly beaten), refined flour, garlic paste, ginger paste, water, oil , garlic , onions , capsicum, cornflour (blended with water), vinegar, salt, soya sauce, tomato puree, celery, ajinomoto (optional), water"
250,fifty-fifty water drinks,Indian,non-veg,"chicken legs, lime (halved), jerk seasoning powder (bottled), jerk seasoning paste (bottled), olive oil"
251,shack lemonade drinks,Dessert,veg,"Flour, Baking Powder, Salt, Castor Sugar, Baking Soda, Eggs, Butter, Vanilla Essence, Lemon Juice, Poppy, Lemon Peel, Lemon Syrup, Wiped Cream, Fresh Berry"
252,fruit juice cold drinks,Japanese,non-veg,"Buns, Flour, Dry Yeast, Sugar, Salt, Hot Water, Chicken Mince, Eggs, Soy Sauce, Sugar, Sesame Oil, Worcestershire Sauce, Chives, Aromat Powder"
253,sparkling cold water,Dessert,veg,"Butter, Brown Sugar, Castor Sugar, Vanilla Essence, Dark Chocolate, Refined Flour, Cocoa Powder, Baking Soda, Salt, Milk, Cadbury Gems"
254,"cold coffee, cold tea",Healthy Food,veg,"sevaiyan, quinoa, orange juice , dried figs, sugar, almond milk, desi ghee, jaggery, walnuts, melon seeds, peanuts"
255,cold soymilk,Indian,non-veg,"chicken, ginger-garlic paste, pepper powder, lime juice, oil, salt, tomatoes, green chillies, ginger-garlic paste, chilli powder, black cardamoms, cloves, water, onion, ginger, green chillies, chilli powder, turmeric powder, garam masala, kasturi methi, cream"
256,cold almond milk,Dessert,veg,"apples, basmati rice, nuscovado sugar (you can also use normal sugar), cashew nuts and almonds, cassia bark or cinnamon stick, red grapes"
257,cold milk from cows,Dessert,veg,"ragi flour, oats flour, dates (ripe), milk, honey, ghee, green cardamom powder, white sesame seeds, coconut powder, cashew nuts"
258,cold milk from goats,Indian,non-veg,"onions, almond paste, ghee, cinnamon sticks, green cardamom, cloves, mace, bay leaves, garlic paste, ginger paste, lamb, salt, rose water (infused with 4-5 strands of saffron), yellow chilli powder, yogurt, yellow chilli powder, black pepper powder, coriander seed powder, cumin powder, red chilli powder, turmeric powder, clove powder, green cardamom powder, rose petal powder, nutmeg powder, black cardamom powder, fennel powder, cinnamon powder, mace powder, onions, cream/malai"
259,cold milk from camels,Dessert,veg,"finger millet flour (ragi), jaggery, peanuts, coconut, salt"
260,shack attack icecream,Indian,non-veg,"Chicken, onion paste, tomato, garlic paste, ginger paste, coriander powder, cumin powder, turmeric powder, red chilli powder, garam masala powder, oil, salt, green coriander"
261,dubai malt icecream,Indian,non-veg,"Chana Dal, Chicken Thai, Salt, Whole Red Chillies, Cumin, Whole Coriander, Cloves, Pepper Whole, Cinnamon Stick, Celery, Eggs, Green Coriander, Mint, Green Chillies, Ginger, Garlic Buds, Oil"
262,vanialla icecream,Indian,non-veg,"Chicken, ginger, garlic, onion, tomato, garam masala, bay leaves, salt, turmeric, coriander powder, red chilli powder, oil, green coriander, cream"
263,vniila tfee twril icecream,Indian,veg,"besan, potato, fresh bhang leaves, spinach, bhang seed powder, ajwain, fresh green chilly , salt, tamarind paste, red chilly powder, mustard seeds, whole red chilli, soda"
264,b n b triffle icecream,Italian,veg,"kuttu atta, salt, sugar, yeast, mozzarella cheese fresh, tomato, basil, cottage cheese, green chillies, olive oil, salt, black pepper (crushed), oregano"
265,peanut butter icecream,Snack,veg,"arbi/colocasia roots, water chestnut flour (kuttu ka aata), green chili, ginger, carom seeds, rock salt, oil, mint, curd, cucumber, pomegranate"
266,choclate icecream,Snack,veg,"puffed rice, nuts, honey, jaggery, butter, kewda to flavor, cardamom powder"
267,gelato icecream,Dessert,veg,"one can of sweetened condensed milk, ice cold water, instant vanilla pudding mix, cream cheese (softened and cut into 8 pieces), heavy cream, one 9 x 13 inch layer of red velvet cakcake, ripe bananas, mini chocolate chips, sugar, cocoa, cake flour, baking soda, salt, butter (room temp cut into 1 inch pieces), eggs, milk, sour cream, cider vinegar, vanilla extract, red food coloring, all-purpose flour, milk, unsalted butter (room temperature), sugar, vanilla extract"
268,frozen yogurt icecream,Dessert,veg,"butter, digestive biscuits, berries, cream cheese, castor sugar, vanilla extract, egg (lightly beaten), icing sugar"
269,sorbet icecream,Dessert,veg,"egg whites, egg white powder, sugar, almond powder, hazelnut powder, sugar, hazelnut (toasted)"
270,soft serve icecream,Mexican,veg,"yellow cornmeal, sugar, baking soda, salt, buttermilk (well-shaken), egg, cheddar (extra sharp), scallion (white and pale green parts only), pickled jalapenos (drained), unsalted butter,"
271,mochi icecream,Snack,veg,"brioche loaf, avocado paste, eggs, tomato, spinach, nutmeg powder, phyllo pastry sheet, assorted seasonal fruits, hollandaise sauce"
272,sherbert icecream,Dessert,veg,"dark chocolate (melted), castor sugar, egg yolk, egg, cocoa powder, coffee, cream, berries, dark chocolate, fresh cream"
273,philadelphia style icecream,Mexican,veg,"fresh corn kernels, corn flour, whole egg, cheddar cheese, jalapeno poppers, smoked paprika, coriander (toasted & ground), green onions, fresh cilantro, lemon (zest and juice), cooking oil"
274,rolled ice cream,Snack,veg,"basmati rice (soaked in water), milk, cardamom powder, milk, saffron, sugar, banana, fresh strawberries, plain flour, butter (chilled), castor sugar, egg yolk, chilled water"
275,cinnamon soul shakes,Mexican,veg,"Dough tortia, refried beans, bell paper, spring onion, lettuce, mozzarella cheese, orange cheddar cheese, chitpole dressing, for pico de chelo, tomato, onion, lemon juice, salt, green chilli, coriander, black beans (boiled ), Tomato, onion, vine paper, vegetable oil"
276,black and white shakes,Healthy Food,veg,"Core, Chopped and Sliced ??Apple, Core, Chopped and Sliced ??Pears, Castor Sugar, Vanilla Essence, Sunflower Oil, Eggs, Flour, Milk, Baking Powder, Milk, Cinnamon Stick, Egg yolks, Castor Sugar"
277,vanilla special shakes,Dessert,veg,"Flour, castor or powdered sugar, oil, butter or margarine, cocoa powder, water, vanilla essence, baking soda, baking powder, salt, egg"
278,cool mint shakes,Dessert,veg,"White chocolate, fresh cream, VIP cream, vanilla bean, vanilla extract, cream cheese, gelatin, lemon, egg yolks, butter, castor sugar"
279,strawberry marshallow shakes,Healthy Food,veg,"mixed boiled beans (choose from rajma, chawli, chick peas, hara chana), spring onions, tomatoes (diced), oil, lemon juice, basil, garlic, salt and pepper, for garnish:, coriander"
280,blueberry cheesecake shakes,Snack,veg,"onion, ginger, curry powder, fresh coriander, green chilli, raw banana paste, refined oil, mustard seeds, phyllo sheets, salt"
281,raspberry and white chocolate shakes,Healthy Food,veg,"coconut (tender), coconut milk, oats, ripe mango (diced), castor sugar, dry fruits, honey, cardamom powder"
282,pina colada shakes,Healthy Food,veg,"watermelon, cantaloupe, kiwifruiit, pineapple, marshmallow, mint leaf (crushed nuts, sesame seeds or cinnamon)"
283,triple nut caramel shakes,Chinese,veg,"noodles, salt, oil, garlic paste, ginger paste, beans, cabbage, carrot, spring onion, capsicum, soy sauce, green chilli sauce, tomato sauce"
284,neapolitan shakes,Healthy Food,veg,"quinoa, milk, olive oil, egg (slightly beaten), baking powder, orange essence, castor sugar, maple syrup, strawberries (to garnish)"
285,fresh ginger hot tea,Healthy Food,veg,"Rolled Oats, Milk, Spinach, Banana, Egg, Cinnamon Powder, Vanilla Extract, Baking Powder"
286,fruit hot tea,French,veg,"Brown slice bread, onion, oil, emmental cheese"
287,fresh mint hot tea,Italian,veg,"Milk, Flour, Butter, Pepper Powder, Nutmeg, Cheese, Pasta (of your choice)"
288,hot chocolate,French,non-veg,"Lamb Keema, Rosemary, Thyme, Eggs (hard boiled peel), Flour, Eggs (Lightly Whipped), Panco, Peanut Oil, Salt, Pepper, Mayonnaise, Apple Cedar Vinegar, English Mustard, Salt, Pepper, Paprika and Olive Powder"
289,coffee hot,Indian,non-veg,"fish with curry, ginger and garlic"
290,hot lemon hot,Indian,non-veg,mughalai delecacy
291,green tea hot,Indian,non-veg,chicken cooked in a rich gravy with mint
292,chai hot,Indian,non-veg, served on a skewer
293,chineese chow mein,Indian,non-veg,chicken roasted in a yogurt tomato sauce. creamy texture.
294,chineese hot pot,Indian,veg,mushroom and peas in a masala/chili sauce
295,chineese dumplings,Indian,non-veg,as a dish originated in the punjab before the independence of india and pakistan.
296,chineese kung pao chicken,Indian,non-veg,chickenn lime and ginger and cooked over an open fire.
297,chineese ma po tofu,Indian,non-veg,chicken and spices
298,chineese peking duck,Chinese,non-veg,"ed chicken preparation. chicken, onion, ginger"
299,chineese wonton soup,Indian,veg,dried fish named kolim or jawla found in coastal maharashtra with onion and spices. usually eaten with bhakri or chapati
300,chineese scallion pancakes,Healthy Food,veg,riety of rice
301,chinese chicken mushroom chinese soup,Healthy Food,veg,riety of rice.
302,lotus root chinese soup,Chinese,non-veg,made with banana flower; an assamese specialty
303,ching po leung cantonese herb chinese soup,Healthy Food,veg,riety of rice.
304,chinese soup fish and tofu,Indian,veg,boiled rice
305,chinese soup judy's homemade chicken stock,Japanese,veg,curry
306,italian pizza,Snack,veg,"dried slices of bananas (fruits of herbaceous plants of the genus musa of the soft, sweet ""dessert banana"" variety), they can be covered with sugar or honey and have a sweet taste, or they can be fried in oil and spices and have a salty and/or spicy taste.[2]"
307,italian bottarga,Indian,non-veg,"made using indian spices, onion, tomatoes, green chilli, and had with bread, or parathas."
308,italian lasagna,Indian,veg,"dehusked rice which is flattened into flat light dry flakes, these flakes of rice swell when added to liquid, whether hot or cold, as they absorb water, milk, or any other liquids. the thicknesses of these flakes vary between almost translucently thin (the more expensive varieties) to nearly four times thicker than a normal rice grain."
309,italian fiorentina steak,Snack,veg,"grain made from rice; usually made by heating rice kernels under high pressure in the presence of steam, though the method of manufacture varies widely. pori (puffed rice) has been mentioned in various tamil literatures as an offering to hindu deities. offerings of pori and jaggery made to vinayagar (lord ganesh) are mentioned in the tiruppugazh, a 15th-century anthology of tamil religious songs, written by tamil poet arunagirinathar. pori is offered to hindu gods and goddesses in all poojas in the south indian states of kerala and tamil nadu."
, ,,,
